               epoch,      train/box_loss,      train/obj_loss,      train/cls_loss,   metrics/precision,      metrics/recall,     metrics/mAP_0.5,metrics/mAP_0.5:0.95,        val/box_loss,        val/obj_loss,        val/cls_loss,               x/lr0,               x/lr1,               x/lr2
                   0,             0.10253,            0.047117,                   0,           0.0023398,              0.2784,           0.0015016,          0.00020014,            0.084425,            0.049101,                   0,             0.00046,             0.00046,             0.09586
                   1,            0.095071,            0.049136,                   0,           0.0024806,             0.29399,             0.00162,          0.00024946,            0.082086,             0.04947,                   0,          0.00092998,          0.00092998,             0.09163
                   2,            0.093725,            0.049135,                   0,           0.0023023,             0.27394,           0.0014684,          0.00025846,            0.081437,             0.04946,                   0,           0.0013999,           0.0013999,              0.0874
                   3,            0.092332,            0.048157,                   0,           0.0024789,            0.026726,           0.0012534,          0.00022974,            0.081489,            0.049208,                   0,           0.0018696,           0.0018696,             0.08317
                   4,            0.091444,             0.04944,                   0,           0.0025437,              0.3029,           0.0016249,          0.00026997,            0.080765,            0.049361,                   0,           0.0023391,           0.0023391,            0.078939
                   5,             0.09031,            0.050101,                   0,            0.048827,            0.017817,           0.0037511,          0.00051176,            0.080471,            0.049457,                   0,           0.0028083,           0.0028083,            0.074708
                   6,            0.089273,             0.04984,                   0,           0.0027218,             0.21604,           0.0022743,          0.00037408,            0.080326,             0.04934,                   0,           0.0032771,           0.0032771,            0.070477
                   7,            0.087488,            0.052097,                   0,           0.0034807,             0.24722,           0.0040317,          0.00062977,            0.078943,            0.049934,                   0,           0.0037455,           0.0037455,            0.066245
                   8,            0.084589,             0.05107,                   0,            0.036536,            0.071269,            0.013096,           0.0025125,            0.073796,            0.052234,                   0,           0.0042133,           0.0042133,            0.062013
                   9,            0.080223,            0.054439,                   0,            0.069559,              0.6147,            0.052965,            0.012392,            0.066279,            0.054201,                   0,           0.0046806,           0.0046806,            0.057781
                  10,            0.071316,            0.052036,                   0,             0.34772,             0.47439,             0.27204,            0.053555,            0.064448,            0.047237,                   0,           0.0051473,           0.0051473,            0.053547
                  11,            0.067451,            0.040741,                   0,              0.4106,             0.55457,              0.4119,            0.097395,            0.063671,            0.045969,                   0,           0.0056132,           0.0056132,            0.049313
                  12,            0.062594,            0.035538,                   0,             0.78944,             0.70156,              0.7734,             0.39546,            0.043492,            0.034435,                   0,           0.0060784,           0.0060784,            0.045078
                  13,            0.059367,            0.034501,                   0,             0.69658,             0.79251,              0.7714,             0.35529,            0.041001,            0.032533,                   0,           0.0065426,           0.0065426,            0.040843
                  14,             0.05492,            0.031596,                   0,             0.69216,             0.82183,             0.77323,             0.25477,            0.044598,             0.03008,                   0,            0.007006,            0.007006,            0.036606
                  15,            0.051895,            0.029768,                   0,             0.57821,             0.77728,             0.69104,             0.29235,            0.045986,            0.027939,                   0,           0.0074684,           0.0074684,            0.032368
                  16,            0.049443,            0.027932,                   0,             0.92536,             0.83073,             0.87667,             0.42416,            0.039467,            0.026321,                   0,           0.0079297,           0.0079297,             0.02813
                  17,            0.049255,             0.02889,                   0,              0.9524,             0.84675,             0.90604,             0.47034,            0.036477,            0.028024,                   0,           0.0083899,           0.0083899,             0.02389
                  18,            0.046605,            0.026382,                   0,             0.74858,             0.75056,             0.73735,             0.20782,             0.04437,            0.025394,                   0,           0.0088489,           0.0088489,            0.019649
                  19,            0.048011,             0.02722,                   0,             0.90561,             0.84855,             0.91094,             0.54788,            0.032218,            0.023657,                   0,           0.0093066,           0.0093066,            0.015407
                  20,            0.045017,            0.025311,                   0,             0.88629,             0.85061,             0.90907,             0.42218,            0.041071,            0.021776,                   0,            0.009763,            0.009763,            0.011163
                  21,              0.0434,            0.023433,                   0,             0.98477,             0.86406,             0.96635,             0.57236,            0.027828,            0.020377,                   0,           0.0098916,           0.0098916,           0.0098916
                  22,            0.038376,            0.021632,                   0,             0.92025,             0.89943,             0.93723,             0.50456,            0.031168,            0.020962,                   0,           0.0098916,           0.0098916,           0.0098916
                  23,            0.037122,             0.02165,                   0,             0.97285,             0.95759,             0.98286,              0.6175,            0.026689,            0.018631,                   0,           0.0098811,           0.0098811,           0.0098811
                  24,            0.036032,            0.019652,                   0,             0.95832,             0.97307,             0.99154,             0.66092,            0.025148,            0.016406,                   0,           0.0098701,           0.0098701,           0.0098701
                  25,            0.034725,             0.01972,                   0,             0.98666,             0.98864,             0.99364,             0.68175,             0.02301,            0.016684,                   0,           0.0098586,           0.0098586,           0.0098586
                  26,             0.03419,            0.018728,                   0,             0.98667,             0.98885,               0.994,             0.64774,            0.027333,            0.016024,                   0,           0.0098467,           0.0098467,           0.0098467
                  27,            0.031502,            0.018048,                   0,             0.98886,             0.99109,             0.99461,             0.71351,            0.021086,            0.014114,                   0,           0.0098342,           0.0098342,           0.0098342
                  28,            0.031889,            0.016927,                   0,             0.98864,             0.99777,             0.99462,             0.68538,            0.019921,            0.013948,                   0,           0.0098213,           0.0098213,           0.0098213
                  29,             0.02868,            0.016607,                   0,             0.99999,             0.99555,               0.995,             0.76075,             0.01827,              0.0129,                   0,           0.0098079,           0.0098079,           0.0098079
                  30,            0.030588,            0.017085,                   0,             0.99088,              0.9755,              0.9904,              0.7577,            0.018048,            0.014128,                   0,           0.0097941,           0.0097941,           0.0097941
                  31,            0.029559,            0.016457,                   0,             0.99333,             0.99552,             0.99489,              0.7821,            0.018243,            0.012495,                   0,           0.0097798,           0.0097798,           0.0097798
                  32,            0.028043,            0.016154,                   0,             0.99552,             0.98879,             0.99482,             0.73762,            0.019758,             0.01306,                   0,            0.009765,            0.009765,            0.009765
                  33,            0.028443,            0.016165,                   0,             0.98896,             0.99774,             0.99464,             0.73992,            0.019998,            0.013738,                   0,           0.0097497,           0.0097497,           0.0097497
                  34,            0.026941,            0.015444,                   0,             0.99555,             0.99777,             0.99484,             0.76556,            0.018684,             0.01198,                   0,            0.009734,            0.009734,            0.009734
                  35,            0.026411,             0.01509,                   0,             0.99776,             0.99555,             0.99498,             0.75212,            0.018883,            0.011765,                   0,           0.0097178,           0.0097178,           0.0097178
                  36,            0.024958,            0.014261,                   0,             0.99774,             0.99332,             0.99498,             0.76075,            0.016949,            0.011698,                   0,           0.0097011,           0.0097011,           0.0097011
                  37,            0.023393,            0.013982,                   0,             0.99109,             0.99109,             0.99478,             0.81236,            0.014747,            0.011022,                   0,            0.009684,            0.009684,            0.009684
                  38,            0.023655,            0.013906,                   0,             0.99332,             0.99777,             0.99484,             0.76288,            0.018126,            0.010927,                   0,           0.0096664,           0.0096664,           0.0096664
                  39,            0.023713,            0.014052,                   0,              0.9933,             0.99332,             0.99487,             0.79951,             0.01489,            0.011219,                   0,           0.0096484,           0.0096484,           0.0096484
                  40,            0.024265,            0.013652,                   0,             0.99556,             0.99775,               0.995,             0.76984,            0.017113,             0.01109,                   0,           0.0096299,           0.0096299,           0.0096299
                  41,            0.024928,            0.014228,                   0,             0.99777,             0.99776,               0.995,             0.79105,            0.015889,            0.011159,                   0,            0.009611,            0.009611,            0.009611
                  42,            0.024985,            0.014362,                   0,             0.99333,             0.99554,             0.99482,             0.78154,            0.017272,            0.010735,                   0,           0.0095916,           0.0095916,           0.0095916
                  43,            0.022246,             0.01312,                   0,             0.99995,             0.99332,               0.995,             0.78415,            0.015479,            0.010172,                   0,           0.0095717,           0.0095717,           0.0095717
                  44,            0.023109,            0.013501,                   0,             0.99981,             0.99777,               0.995,             0.79403,            0.015604,            0.010471,                   0,           0.0095514,           0.0095514,           0.0095514
                  45,            0.021718,            0.013134,                   0,             0.99778,             0.99998,             0.99496,             0.81765,            0.014093,             0.01004,                   0,           0.0095307,           0.0095307,           0.0095307
                  46,            0.022283,            0.013542,                   0,                   1,                   1,               0.995,             0.77617,            0.016878,            0.010177,                   0,           0.0095095,           0.0095095,           0.0095095
                  47,            0.022312,            0.013052,                   0,             0.99555,             0.99553,             0.99489,             0.79375,            0.016437,            0.010582,                   0,           0.0094879,           0.0094879,           0.0094879
                  48,            0.021528,            0.012755,                   0,             0.99778,             0.99999,               0.995,             0.83118,            0.015478,           0.0097434,                   0,           0.0094659,           0.0094659,           0.0094659
                  49,            0.020076,            0.012674,                   0,             0.99554,             0.99329,             0.99498,             0.82049,            0.013896,           0.0097044,                   0,           0.0094434,           0.0094434,           0.0094434
                  50,            0.020909,            0.011922,                   0,             0.99997,             0.99555,               0.995,             0.85471,            0.012641,           0.0093475,                   0,           0.0094205,           0.0094205,           0.0094205
                  51,            0.021294,             0.01252,                   0,             0.99994,             0.99332,               0.995,             0.84084,            0.013663,           0.0099552,                   0,           0.0093971,           0.0093971,           0.0093971
                  52,            0.020262,            0.012125,                   0,             0.99117,             0.99999,             0.99496,             0.84098,            0.013337,           0.0092585,                   0,           0.0093733,           0.0093733,           0.0093733
                  53,            0.020536,            0.012143,                   0,             0.99104,             0.99777,             0.99482,              0.8147,            0.013914,           0.0093911,                   0,           0.0093491,           0.0093491,           0.0093491
                  54,            0.019727,            0.012175,                   0,                   1,             0.99105,               0.995,             0.84632,            0.013328,           0.0089537,                   0,           0.0093245,           0.0093245,           0.0093245
                  55,            0.019513,            0.012055,                   0,             0.99335,                   1,             0.99496,             0.84452,            0.012749,           0.0089131,                   0,           0.0092995,           0.0092995,           0.0092995
                  56,            0.020068,            0.012147,                   0,             0.99556,                   1,             0.99496,             0.81287,             0.01429,           0.0091261,                   0,            0.009274,            0.009274,            0.009274
                  57,             0.01797,            0.011837,                   0,                   1,             0.99777,               0.995,             0.83323,            0.013183,           0.0086497,                   0,           0.0092481,           0.0092481,           0.0092481
                  58,            0.020287,            0.012287,                   0,             0.99556,             0.99985,             0.99491,             0.83699,            0.013208,           0.0087939,                   0,           0.0092219,           0.0092219,           0.0092219
                  59,            0.020254,            0.012359,                   0,             0.99556,                   1,             0.99496,             0.80633,            0.013792,            0.008747,                   0,           0.0091952,           0.0091952,           0.0091952
                  60,            0.018079,            0.011459,                   0,             0.99778,             0.99999,               0.995,             0.84572,            0.012848,           0.0087207,                   0,           0.0091681,           0.0091681,           0.0091681
                  61,            0.017952,            0.011072,                   0,             0.99776,                   1,               0.995,             0.86064,            0.012124,           0.0083074,                   0,           0.0091406,           0.0091406,           0.0091406
                  62,            0.019648,             0.01189,                   0,             0.99776,                   1,               0.995,             0.83786,            0.013893,            0.008736,                   0,           0.0091127,           0.0091127,           0.0091127
                  63,            0.019689,            0.011209,                   0,             0.99776,             0.99555,               0.995,             0.82131,            0.014201,           0.0091183,                   0,           0.0090844,           0.0090844,           0.0090844
                  64,            0.018239,            0.010894,                   0,             0.99778,                   1,               0.995,              0.8429,            0.013378,           0.0087101,                   0,           0.0090557,           0.0090557,           0.0090557
                  65,            0.018211,            0.011244,                   0,             0.99554,             0.99777,               0.995,             0.82884,            0.013484,           0.0086605,                   0,           0.0090266,           0.0090266,           0.0090266
                  66,            0.017432,            0.011221,                   0,             0.99776,             0.99555,             0.99498,             0.83652,            0.013444,            0.008778,                   0,           0.0089972,           0.0089972,           0.0089972
                  67,            0.016891,            0.010931,                   0,                   1,             0.99777,               0.995,             0.85559,            0.012356,           0.0081102,                   0,           0.0089673,           0.0089673,           0.0089673
                  68,            0.018142,            0.011255,                   0,                   1,             0.99999,               0.995,             0.86125,            0.011816,           0.0080206,                   0,           0.0089371,           0.0089371,           0.0089371
                  69,            0.017735,            0.010966,                   0,             0.99771,             0.99332,             0.99493,              0.8691,            0.011383,           0.0079803,                   0,           0.0089065,           0.0089065,           0.0089065
                  70,             0.01805,            0.010863,                   0,             0.99997,             0.99777,               0.995,             0.84188,            0.013676,           0.0083927,                   0,           0.0088755,           0.0088755,           0.0088755
                  71,            0.017993,            0.011209,                   0,             0.99777,             0.99777,               0.995,             0.86251,            0.011221,           0.0078961,                   0,           0.0088442,           0.0088442,           0.0088442
                  72,            0.016258,            0.010705,                   0,             0.99778,                   1,               0.995,             0.84652,            0.012258,           0.0080158,                   0,           0.0088124,           0.0088124,           0.0088124
                  73,            0.016377,            0.010224,                   0,             0.99555,             0.99777,               0.995,             0.86549,             0.01144,           0.0080265,                   0,           0.0087804,           0.0087804,           0.0087804
                  74,            0.016445,            0.010172,                   0,             0.99777,                   1,             0.99496,             0.85196,             0.01226,           0.0078624,                   0,           0.0087479,           0.0087479,           0.0087479
                  75,             0.01773,            0.010959,                   0,             0.99775,                   1,               0.995,             0.87187,            0.011056,           0.0077848,                   0,           0.0087151,           0.0087151,           0.0087151
                  76,            0.017914,            0.010847,                   0,                   1,                   1,               0.995,             0.87226,            0.011442,           0.0080145,                   0,            0.008682,            0.008682,            0.008682
                  77,            0.017156,            0.010775,                   0,                   1,                   1,               0.995,              0.8614,            0.011172,           0.0077971,                   0,           0.0086485,           0.0086485,           0.0086485
                  78,            0.017415,            0.010822,                   0,                   1,                   1,               0.995,             0.86421,            0.011821,           0.0078382,                   0,           0.0086146,           0.0086146,           0.0086146
                  79,            0.016007,            0.010248,                   0,             0.99556,             0.99777,             0.99493,             0.85893,            0.011741,           0.0078359,                   0,           0.0085805,           0.0085805,           0.0085805
                  80,            0.016487,           0.0098953,                   0,             0.99555,             0.99777,               0.995,              0.8666,            0.010623,           0.0076243,                   0,           0.0085459,           0.0085459,           0.0085459
                  81,            0.015968,            0.010094,                   0,             0.99999,                   1,               0.995,             0.88171,            0.010675,           0.0074653,                   0,           0.0085111,           0.0085111,           0.0085111
                  82,            0.015485,            0.010151,                   0,             0.99999,                   1,               0.995,             0.86894,            0.011614,           0.0073978,                   0,           0.0084759,           0.0084759,           0.0084759
                  83,            0.015738,           0.0095761,                   0,                   1,             0.99555,               0.995,             0.85954,            0.012729,           0.0079455,                   0,           0.0084404,           0.0084404,           0.0084404
                  84,            0.015966,             0.01033,                   0,                   1,             0.99554,               0.995,             0.87494,            0.010673,           0.0075276,                   0,           0.0084046,           0.0084046,           0.0084046
                  85,            0.015219,           0.0098448,                   0,                   1,                   1,               0.995,             0.87364,            0.010921,           0.0074503,                   0,           0.0083684,           0.0083684,           0.0083684
                  86,            0.016207,             0.01034,                   0,                   1,             0.99775,               0.995,             0.87715,            0.010518,           0.0072598,                   0,           0.0083319,           0.0083319,           0.0083319
                  87,            0.015671,            0.010092,                   0,                   1,             0.99555,               0.995,              0.8637,            0.011293,           0.0078858,                   0,           0.0082952,           0.0082952,           0.0082952
                  88,            0.014884,            0.009762,                   0,             0.99997,             0.99777,               0.995,             0.87338,            0.010754,           0.0072135,                   0,           0.0082581,           0.0082581,           0.0082581
                  89,            0.015107,           0.0098191,                   0,                   1,             0.99999,               0.995,             0.86724,            0.010696,           0.0072445,                   0,           0.0082207,           0.0082207,           0.0082207
                  90,            0.016193,            0.010757,                   0,             0.99999,                   1,               0.995,             0.89233,            0.010228,           0.0071817,                   0,            0.008183,            0.008183,            0.008183
                  91,            0.015432,           0.0098156,                   0,                   1,                   1,               0.995,             0.88268,            0.010236,           0.0071785,                   0,            0.008145,            0.008145,            0.008145
                  92,            0.015501,            0.009723,                   0,             0.99556,             0.99777,               0.995,             0.88147,            0.010128,           0.0071387,                   0,           0.0081068,           0.0081068,           0.0081068
                  93,            0.014497,           0.0094621,                   0,                   1,                   1,               0.995,             0.88562,            0.010321,           0.0071033,                   0,           0.0080682,           0.0080682,           0.0080682
                  94,            0.015714,           0.0098757,                   0,             0.99778,             0.99998,               0.995,             0.89533,            0.010298,           0.0072151,                   0,           0.0080294,           0.0080294,           0.0080294
                  95,            0.015836,           0.0094924,                   0,                   1,             0.99555,               0.995,             0.88202,            0.010077,           0.0073974,                   0,           0.0079903,           0.0079903,           0.0079903
                  96,            0.014691,           0.0095288,                   0,                   1,                   1,               0.995,             0.88043,             0.01018,           0.0070634,                   0,           0.0079509,           0.0079509,           0.0079509
                  97,            0.014527,           0.0097324,                   0,                   1,             0.99555,               0.995,             0.88152,            0.010287,           0.0072228,                   0,           0.0079112,           0.0079112,           0.0079112
                  98,            0.014999,           0.0095433,                   0,             0.99556,                   1,               0.995,             0.87707,            0.010499,           0.0068223,                   0,           0.0078713,           0.0078713,           0.0078713
                  99,            0.015431,           0.0095564,                   0,                   1,                   1,               0.995,             0.88017,            0.011074,           0.0072797,                   0,           0.0078311,           0.0078311,           0.0078311
                 100,            0.014674,           0.0095667,                   0,                   1,                   1,               0.995,             0.88442,            0.010267,           0.0070604,                   0,           0.0077907,           0.0077907,           0.0077907
                 101,            0.013534,             0.00896,                   0,             0.99999,                   1,               0.995,             0.88468,            0.010379,           0.0070961,                   0,             0.00775,             0.00775,             0.00775
                 102,            0.014591,           0.0093766,                   0,                   1,                   1,               0.995,             0.88101,             0.01009,           0.0070262,                   0,           0.0077091,           0.0077091,           0.0077091
                 103,            0.014346,           0.0091543,                   0,                   1,                   1,               0.995,             0.88591,           0.0097704,           0.0069106,                   0,           0.0076679,           0.0076679,           0.0076679
                 104,            0.013896,           0.0093541,                   0,             0.99778,                   1,               0.995,             0.88831,           0.0098131,           0.0068896,                   0,           0.0076265,           0.0076265,           0.0076265
                 105,            0.013446,           0.0092445,                   0,                   1,                   1,               0.995,             0.88954,           0.0098006,           0.0068912,                   0,           0.0075848,           0.0075848,           0.0075848
                 106,            0.014932,           0.0091435,                   0,                   1,                   1,               0.995,              0.8683,            0.011231,           0.0071665,                   0,            0.007543,            0.007543,            0.007543
                 107,            0.014584,           0.0091927,                   0,                   1,             0.99777,               0.995,             0.88939,           0.0096111,           0.0069829,                   0,           0.0075009,           0.0075009,           0.0075009
                 108,            0.013472,           0.0092444,                   0,                   1,                   1,               0.995,             0.89568,           0.0094961,           0.0064764,                   0,           0.0074585,           0.0074585,           0.0074585
                 109,            0.013852,           0.0088787,                   0,                   1,                   1,               0.995,             0.88532,            0.010227,            0.006842,                   0,            0.007416,            0.007416,            0.007416
                 110,             0.01413,           0.0091109,                   0,                   1,             0.99554,               0.995,             0.89186,           0.0097978,           0.0068679,                   0,           0.0073733,           0.0073733,           0.0073733
                 111,            0.013099,            0.008928,                   0,                   1,                   1,               0.995,             0.89004,            0.010152,           0.0067132,                   0,           0.0073303,           0.0073303,           0.0073303
                 112,             0.01361,           0.0092479,                   0,             0.99778,                   1,               0.995,             0.89069,           0.0096831,            0.006697,                   0,           0.0072872,           0.0072872,           0.0072872
                 113,            0.012144,           0.0087536,                   0,             0.99999,                   1,               0.995,             0.90169,           0.0093967,           0.0065663,                   0,           0.0072438,           0.0072438,           0.0072438
                 114,            0.013618,           0.0091101,                   0,                   1,                   1,               0.995,             0.88831,           0.0098141,           0.0066104,                   0,           0.0072003,           0.0072003,           0.0072003
                 115,            0.013645,           0.0090808,                   0,                   1,                   1,               0.995,             0.89366,           0.0095183,           0.0067107,                   0,           0.0071566,           0.0071566,           0.0071566
                 116,            0.013461,           0.0090604,                   0,                   1,                   1,               0.995,             0.88867,           0.0099819,           0.0065933,                   0,           0.0071127,           0.0071127,           0.0071127
                 117,            0.013432,           0.0090877,                   0,                   1,                   1,               0.995,             0.88923,            0.009693,           0.0064964,                   0,           0.0070686,           0.0070686,           0.0070686
                 118,            0.013384,           0.0087896,                   0,                   1,                   1,               0.995,             0.90034,            0.009337,           0.0065447,                   0,           0.0070243,           0.0070243,           0.0070243
                 119,            0.013747,           0.0090399,                   0,                   1,                   1,               0.995,             0.89072,           0.0097583,           0.0066694,                   0,           0.0069799,           0.0069799,           0.0069799
                 120,            0.013001,           0.0090526,                   0,                   1,                   1,               0.995,             0.89408,           0.0097218,           0.0065747,                   0,           0.0069353,           0.0069353,           0.0069353
                 121,            0.013025,           0.0091638,                   0,                   1,                   1,               0.995,             0.89408,           0.0096458,           0.0066695,                   0,           0.0068906,           0.0068906,           0.0068906
                 122,            0.012846,           0.0088786,                   0,             0.99999,                   1,               0.995,             0.89415,           0.0094032,           0.0064756,                   0,           0.0068457,           0.0068457,           0.0068457
                 123,            0.012405,           0.0087229,                   0,                   1,                   1,               0.995,              0.9032,           0.0094142,           0.0064447,                   0,           0.0068006,           0.0068006,           0.0068006
                 124,            0.013547,           0.0088962,                   0,                   1,                   1,               0.995,             0.90483,           0.0092942,           0.0063949,                   0,           0.0067555,           0.0067555,           0.0067555
                 125,            0.012724,           0.0085743,                   0,                   1,             0.99555,               0.995,             0.90027,           0.0092317,           0.0067139,                   0,           0.0067101,           0.0067101,           0.0067101
                 126,            0.012117,           0.0086391,                   0,             0.99999,             0.99555,               0.995,             0.90731,           0.0090319,           0.0064647,                   0,           0.0066647,           0.0066647,           0.0066647
                 127,            0.012328,           0.0085031,                   0,                   1,             0.99555,               0.995,             0.89896,           0.0091216,           0.0064827,                   0,           0.0066191,           0.0066191,           0.0066191
                 128,            0.012588,           0.0088325,                   0,                   1,             0.99555,               0.995,             0.89924,           0.0097508,           0.0065961,                   0,           0.0065734,           0.0065734,           0.0065734
                 129,            0.012009,           0.0087832,                   0,             0.99999,                   1,               0.995,             0.90875,           0.0092808,           0.0062948,                   0,           0.0065276,           0.0065276,           0.0065276
                 130,            0.011949,           0.0087011,                   0,                   1,                   1,               0.995,              0.9131,           0.0090279,           0.0063045,                   0,           0.0064816,           0.0064816,           0.0064816
                 131,            0.012017,           0.0082548,                   0,                   1,                   1,               0.995,             0.91165,           0.0088738,            0.006228,                   0,           0.0064356,           0.0064356,           0.0064356
                 132,            0.011692,           0.0082939,                   0,                   1,                   1,               0.995,             0.90972,           0.0087186,           0.0061095,                   0,           0.0063895,           0.0063895,           0.0063895
                 133,            0.012773,           0.0087995,                   0,             0.99999,                   1,               0.995,              0.9075,           0.0090512,           0.0062856,                   0,           0.0063432,           0.0063432,           0.0063432
                 134,            0.012258,           0.0086948,                   0,                   1,                   1,               0.995,             0.90132,           0.0093619,           0.0064513,                   0,           0.0062969,           0.0062969,           0.0062969
                 135,            0.012276,           0.0081421,                   0,                   1,                   1,               0.995,             0.90967,           0.0089564,           0.0064138,                   0,           0.0062505,           0.0062505,           0.0062505
                 136,            0.011234,             0.00836,                   0,                   1,                   1,               0.995,             0.90987,           0.0090069,           0.0062518,                   0,            0.006204,            0.006204,            0.006204
                 137,            0.011571,            0.008352,                   0,                   1,                   1,               0.995,             0.89931,           0.0089418,           0.0063087,                   0,           0.0061574,           0.0061574,           0.0061574
                 138,            0.011874,           0.0084284,                   0,                   1,                   1,               0.995,             0.90374,           0.0092351,           0.0062918,                   0,           0.0061107,           0.0061107,           0.0061107
                 139,            0.012068,           0.0081653,                   0,                   1,                   1,               0.995,             0.91118,           0.0093377,           0.0062181,                   0,            0.006064,            0.006064,            0.006064
                 140,            0.011953,           0.0081656,                   0,             0.99999,                   1,               0.995,             0.90266,           0.0093958,           0.0062957,                   0,           0.0060172,           0.0060172,           0.0060172
                 141,            0.011794,           0.0081856,                   0,                   1,             0.99777,               0.995,              0.9033,           0.0089794,           0.0063494,                   0,           0.0059704,           0.0059704,           0.0059704
                 142,            0.011441,           0.0078359,                   0,                   1,                   1,               0.995,             0.90191,           0.0091776,           0.0061964,                   0,           0.0059235,           0.0059235,           0.0059235
                 143,            0.011335,           0.0083264,                   0,                   1,                   1,               0.995,             0.90688,           0.0090634,           0.0061602,                   0,           0.0058766,           0.0058766,           0.0058766
                 144,            0.011571,           0.0081172,                   0,                   1,                   1,               0.995,             0.91444,           0.0087787,           0.0060014,                   0,           0.0058296,           0.0058296,           0.0058296
                 145,             0.01073,           0.0076931,                   0,                   1,             0.99555,               0.995,             0.90909,            0.009033,            0.006309,                   0,           0.0057826,           0.0057826,           0.0057826
                 146,            0.010693,            0.007849,                   0,                   1,                   1,               0.995,             0.91194,           0.0086845,           0.0060526,                   0,           0.0057355,           0.0057355,           0.0057355
                 147,            0.010814,           0.0081082,                   0,                   1,                   1,               0.995,              0.9088,           0.0088486,           0.0061869,                   0,           0.0056884,           0.0056884,           0.0056884
                 148,            0.011245,           0.0080964,                   0,                   1,                   1,               0.995,             0.92287,           0.0085606,           0.0060892,                   0,           0.0056413,           0.0056413,           0.0056413
                 149,            0.010599,            0.007723,                   0,                   1,                   1,               0.995,              0.9131,           0.0087548,           0.0061715,                   0,           0.0055942,           0.0055942,           0.0055942
                 150,            0.010934,            0.008053,                   0,                   1,                   1,               0.995,             0.91349,           0.0087173,           0.0059321,                   0,           0.0055471,           0.0055471,           0.0055471
                 151,            0.011224,           0.0080726,                   0,                   1,                   1,               0.995,             0.91678,           0.0085536,           0.0059351,                   0,              0.0055,              0.0055,              0.0055
                 152,            0.010717,           0.0078663,                   0,                   1,                   1,               0.995,             0.91482,           0.0085686,           0.0058764,                   0,           0.0054529,           0.0054529,           0.0054529
                 153,            0.011019,           0.0079127,                   0,                   1,                   1,               0.995,              0.9174,           0.0084045,           0.0059866,                   0,           0.0054058,           0.0054058,           0.0054058
                 154,            0.011316,            0.007935,                   0,                   1,                   1,               0.995,             0.91221,           0.0086272,           0.0059623,                   0,           0.0053587,           0.0053587,           0.0053587
                 155,            0.010712,            0.007779,                   0,                   1,                   1,               0.995,              0.9122,           0.0084847,           0.0059475,                   0,           0.0053116,           0.0053116,           0.0053116
                 156,            0.011288,           0.0082959,                   0,                   1,                   1,               0.995,              0.9088,           0.0087974,            0.006003,                   0,           0.0052645,           0.0052645,           0.0052645
                 157,            0.010326,           0.0077721,                   0,                   1,                   1,               0.995,             0.90661,           0.0085424,           0.0059949,                   0,           0.0052174,           0.0052174,           0.0052174
                 158,            0.010923,           0.0078918,                   0,                   1,                   1,               0.995,             0.91587,           0.0086602,           0.0060464,                   0,           0.0051704,           0.0051704,           0.0051704
                 159,            0.010708,           0.0078343,                   0,                   1,                   1,               0.995,             0.90756,           0.0084744,           0.0058428,                   0,           0.0051234,           0.0051234,           0.0051234
                 160,            0.010785,           0.0076432,                   0,             0.99777,                   1,               0.995,             0.91651,             0.00845,           0.0059954,                   0,           0.0050765,           0.0050765,           0.0050765
                 161,           0.0099809,           0.0075922,                   0,                   1,                   1,               0.995,             0.91967,           0.0081895,           0.0058922,                   0,           0.0050296,           0.0050296,           0.0050296
                 162,            0.010394,           0.0077424,                   0,                   1,                   1,               0.995,             0.91778,           0.0084432,           0.0058507,                   0,           0.0049828,           0.0049828,           0.0049828
                 163,            0.010057,           0.0076251,                   0,                   1,                   1,               0.995,             0.92051,           0.0082654,           0.0056647,                   0,            0.004936,            0.004936,            0.004936
                 164,             0.01035,           0.0078939,                   0,                   1,                   1,               0.995,             0.91762,           0.0084721,           0.0056974,                   0,           0.0048893,           0.0048893,           0.0048893
                 165,            0.010057,           0.0074724,                   0,             0.99999,                   1,               0.995,             0.92061,           0.0082707,           0.0057372,                   0,           0.0048426,           0.0048426,           0.0048426
                 166,            0.010058,           0.0076436,                   0,             0.99999,                   1,               0.995,              0.9199,           0.0081344,           0.0057518,                   0,            0.004796,            0.004796,            0.004796
                 167,            0.010053,           0.0074646,                   0,                   1,                   1,               0.995,             0.91514,           0.0084006,           0.0057357,                   0,           0.0047495,           0.0047495,           0.0047495
                 168,            0.010077,           0.0074921,                   0,                   1,                   1,               0.995,             0.92119,           0.0082276,            0.005695,                   0,           0.0047031,           0.0047031,           0.0047031
                 169,           0.0094426,           0.0073454,                   0,             0.99999,                   1,               0.995,             0.91839,           0.0081626,           0.0056076,                   0,           0.0046568,           0.0046568,           0.0046568
                 170,           0.0097704,           0.0071277,                   0,                   1,                   1,               0.995,             0.91877,           0.0083359,            0.005684,                   0,           0.0046105,           0.0046105,           0.0046105
                 171,           0.0099665,           0.0072653,                   0,                   1,                   1,               0.995,             0.92032,            0.008188,           0.0056683,                   0,           0.0045644,           0.0045644,           0.0045644
                 172,           0.0099286,           0.0071617,                   0,                   1,                   1,               0.995,             0.91692,           0.0083447,            0.005718,                   0,           0.0045184,           0.0045184,           0.0045184
                 173,            0.010138,              0.0074,                   0,                   1,                   1,               0.995,             0.91697,            0.008271,           0.0057221,                   0,           0.0044724,           0.0044724,           0.0044724
                 174,           0.0094719,           0.0073295,                   0,                   1,                   1,               0.995,              0.9234,           0.0080836,           0.0056494,                   0,           0.0044266,           0.0044266,           0.0044266
                 175,           0.0098135,           0.0073807,                   0,                   1,                   1,               0.995,             0.91849,           0.0081856,           0.0058921,                   0,           0.0043809,           0.0043809,           0.0043809
                 176,           0.0092241,           0.0072255,                   0,                   1,                   1,               0.995,             0.91601,           0.0082399,           0.0057279,                   0,           0.0043353,           0.0043353,           0.0043353
                 177,           0.0092711,           0.0071318,                   0,                   1,                   1,               0.995,             0.92381,           0.0081397,           0.0056623,                   0,           0.0042899,           0.0042899,           0.0042899
                 178,           0.0094528,           0.0069465,                   0,                   1,                   1,               0.995,             0.92346,           0.0081347,           0.0057992,                   0,           0.0042445,           0.0042445,           0.0042445
                 179,            0.009705,           0.0072844,                   0,                   1,                   1,               0.995,             0.92227,           0.0081626,           0.0056744,                   0,           0.0041994,           0.0041994,           0.0041994
                 180,           0.0094803,           0.0073893,                   0,                   1,                   1,               0.995,             0.90869,           0.0082969,           0.0058676,                   0,           0.0041543,           0.0041543,           0.0041543
                 181,           0.0091919,           0.0073262,                   0,                   1,                   1,               0.995,             0.92506,           0.0079652,            0.005634,                   0,           0.0041094,           0.0041094,           0.0041094
                 182,           0.0094727,           0.0073079,                   0,                   1,                   1,               0.995,             0.92177,           0.0080441,           0.0056997,                   0,           0.0040647,           0.0040647,           0.0040647
                 183,           0.0093143,           0.0072341,                   0,                   1,                   1,               0.995,             0.91751,           0.0080275,           0.0056206,                   0,           0.0040201,           0.0040201,           0.0040201
                 184,           0.0092062,           0.0072622,                   0,                   1,                   1,               0.995,             0.92248,           0.0080313,           0.0056198,                   0,           0.0039757,           0.0039757,           0.0039757
                 185,           0.0091011,            0.007476,                   0,                   1,                   1,               0.995,             0.92269,           0.0080629,           0.0057524,                   0,           0.0039314,           0.0039314,           0.0039314
                 186,           0.0090779,            0.007055,                   0,                   1,                   1,               0.995,             0.92603,           0.0080362,           0.0057544,                   0,           0.0038873,           0.0038873,           0.0038873
                 187,           0.0095125,           0.0071486,                   0,                   1,                   1,               0.995,              0.9266,            0.007838,           0.0056676,                   0,           0.0038434,           0.0038434,           0.0038434
                 188,           0.0088979,            0.007335,                   0,                   1,                   1,               0.995,             0.92288,           0.0079124,           0.0057045,                   0,           0.0037997,           0.0037997,           0.0037997
                 189,           0.0091513,           0.0073068,                   0,                   1,                   1,               0.995,             0.92216,            0.007811,           0.0055773,                   0,           0.0037562,           0.0037562,           0.0037562
                 190,           0.0087348,           0.0066835,                   0,                   1,                   1,               0.995,             0.92177,           0.0079754,           0.0055664,                   0,           0.0037128,           0.0037128,           0.0037128
                 191,           0.0092231,           0.0071509,                   0,                   1,                   1,               0.995,             0.92133,           0.0079058,           0.0055541,                   0,           0.0036697,           0.0036697,           0.0036697
                 192,           0.0087869,           0.0067262,                   0,                   1,                   1,               0.995,             0.92586,           0.0079616,           0.0055267,                   0,           0.0036267,           0.0036267,           0.0036267
                 193,           0.0085015,            0.006818,                   0,                   1,                   1,               0.995,             0.92048,           0.0080431,           0.0056522,                   0,            0.003584,            0.003584,            0.003584
                 194,           0.0087367,           0.0068941,                   0,                   1,                   1,               0.995,             0.92525,           0.0079176,           0.0054855,                   0,           0.0035415,           0.0035415,           0.0035415
                 195,           0.0089905,           0.0070152,                   0,                   1,                   1,               0.995,             0.92316,            0.008132,           0.0055677,                   0,           0.0034991,           0.0034991,           0.0034991
                 196,           0.0089888,            0.006826,                   0,                   1,                   1,               0.995,             0.92211,           0.0080791,           0.0055678,                   0,            0.003457,            0.003457,            0.003457
                 197,           0.0085158,           0.0069155,                   0,             0.99999,                   1,               0.995,             0.91862,           0.0081228,           0.0056755,                   0,           0.0034152,           0.0034152,           0.0034152
                 198,           0.0084312,           0.0070111,                   0,                   1,                   1,               0.995,             0.92604,           0.0081212,           0.0056296,                   0,           0.0033735,           0.0033735,           0.0033735
                 199,           0.0087002,            0.007104,                   0,                   1,                   1,               0.995,             0.92248,           0.0081165,           0.0055371,                   0,           0.0033321,           0.0033321,           0.0033321
                 200,           0.0087135,           0.0070105,                   0,                   1,             0.99777,               0.995,             0.91922,           0.0078947,           0.0055378,                   0,           0.0032909,           0.0032909,           0.0032909
                 201,           0.0086133,           0.0069145,                   0,                   1,             0.99777,               0.995,             0.92384,           0.0080304,           0.0055272,                   0,             0.00325,             0.00325,             0.00325
                 202,            0.008412,           0.0069359,                   0,                   1,                   1,               0.995,             0.92537,           0.0079466,           0.0054054,                   0,           0.0032093,           0.0032093,           0.0032093
                 203,           0.0085365,           0.0068773,                   0,                   1,                   1,               0.995,             0.92481,           0.0079798,           0.0056301,                   0,           0.0031689,           0.0031689,           0.0031689
                 204,           0.0084299,           0.0068031,                   0,                   1,                   1,               0.995,             0.92746,           0.0078783,           0.0055229,                   0,           0.0031287,           0.0031287,           0.0031287
                 205,           0.0086107,           0.0069203,                   0,                   1,                   1,               0.995,             0.92593,           0.0077786,           0.0054567,                   0,           0.0030888,           0.0030888,           0.0030888
                 206,            0.008398,            0.007146,                   0,                   1,                   1,               0.995,             0.92281,           0.0079787,            0.005489,                   0,           0.0030491,           0.0030491,           0.0030491
                 207,           0.0085967,           0.0069961,                   0,             0.99778,                   1,               0.995,             0.91644,           0.0080344,           0.0055879,                   0,           0.0030097,           0.0030097,           0.0030097
                 208,           0.0082837,           0.0067245,                   0,                   1,                   1,               0.995,             0.92678,           0.0078357,           0.0054206,                   0,           0.0029706,           0.0029706,           0.0029706
                 209,           0.0083757,           0.0068778,                   0,             0.99778,             0.99996,               0.995,             0.92335,           0.0077656,           0.0054672,                   0,           0.0029318,           0.0029318,           0.0029318
                 210,           0.0083047,           0.0068765,                   0,                   1,                   1,               0.995,             0.92757,           0.0078382,           0.0053507,                   0,           0.0028932,           0.0028932,           0.0028932
                 211,           0.0084448,           0.0068299,                   0,                   1,             0.99999,               0.995,             0.92019,           0.0079677,           0.0055365,                   0,            0.002855,            0.002855,            0.002855
                 212,           0.0083728,           0.0068318,                   0,             0.99778,                   1,               0.995,             0.92351,           0.0077821,           0.0056288,                   0,            0.002817,            0.002817,            0.002817
                 213,           0.0081968,           0.0067644,                   0,             0.99777,                   1,               0.995,             0.92655,           0.0077576,           0.0055035,                   0,           0.0027793,           0.0027793,           0.0027793
                 214,           0.0082452,           0.0068351,                   0,                   1,                   1,               0.995,             0.92781,           0.0077806,           0.0054156,                   0,           0.0027419,           0.0027419,           0.0027419
                 215,           0.0084222,           0.0067376,                   0,             0.99778,                   1,               0.995,              0.9223,           0.0078315,           0.0056129,                   0,           0.0027048,           0.0027048,           0.0027048
                 216,           0.0082417,           0.0068108,                   0,                   1,             0.99998,               0.995,             0.92521,           0.0077826,           0.0054181,                   0,           0.0026681,           0.0026681,           0.0026681
                 217,           0.0081749,           0.0067216,                   0,             0.99778,                   1,               0.995,             0.92643,           0.0078904,           0.0054349,                   0,           0.0026316,           0.0026316,           0.0026316
                 218,           0.0081811,           0.0068122,                   0,             0.99778,                   1,               0.995,              0.9249,           0.0079269,           0.0055103,                   0,           0.0025954,           0.0025954,           0.0025954
                 219,           0.0082144,           0.0065514,                   0,             0.99777,                   1,               0.995,             0.92688,           0.0077496,           0.0054932,                   0,           0.0025596,           0.0025596,           0.0025596
                 220,           0.0081271,           0.0066305,                   0,                   1,                   1,               0.995,             0.92969,           0.0076721,           0.0054976,                   0,           0.0025241,           0.0025241,           0.0025241
                 221,           0.0080738,           0.0065957,                   0,                   1,                   1,               0.995,             0.92555,           0.0076856,           0.0054578,                   0,           0.0024889,           0.0024889,           0.0024889
                 222,            0.008045,           0.0066238,                   0,             0.99999,                   1,               0.995,             0.92322,           0.0077173,           0.0054115,                   0,           0.0024541,           0.0024541,           0.0024541
                 223,           0.0081508,           0.0066699,                   0,                   1,                   1,               0.995,             0.92589,           0.0076071,           0.0053215,                   0,           0.0024195,           0.0024195,           0.0024195
                 224,           0.0081417,           0.0067121,                   0,                   1,                   1,               0.995,             0.92968,           0.0076575,           0.0053146,                   0,           0.0023854,           0.0023854,           0.0023854
                 225,           0.0080843,           0.0063291,                   0,                   1,                   1,               0.995,             0.92883,           0.0076546,           0.0053542,                   0,           0.0023515,           0.0023515,           0.0023515
                 226,           0.0079971,           0.0066832,                   0,                   1,                   1,               0.995,             0.93937,           0.0075389,           0.0052855,                   0,            0.002318,            0.002318,            0.002318
                 227,           0.0078648,           0.0064848,                   0,                   1,                   1,               0.995,              0.9314,           0.0076085,           0.0053342,                   0,           0.0022849,           0.0022849,           0.0022849
                 228,           0.0079979,           0.0062881,                   0,                   1,                   1,               0.995,             0.92775,           0.0076697,           0.0053888,                   0,           0.0022521,           0.0022521,           0.0022521
                 229,             0.00801,           0.0064375,                   0,                   1,                   1,               0.995,             0.92827,           0.0076204,            0.005436,                   0,           0.0022196,           0.0022196,           0.0022196
                 230,           0.0077754,           0.0062209,                   0,             0.99778,                   1,               0.995,             0.93063,           0.0076033,           0.0054101,                   0,           0.0021876,           0.0021876,           0.0021876
                 231,           0.0076984,           0.0064204,                   0,                   1,                   1,               0.995,             0.93012,           0.0076106,           0.0053507,                   0,           0.0021558,           0.0021558,           0.0021558
                 232,           0.0078737,           0.0064975,                   0,             0.99999,                   1,               0.995,             0.93278,           0.0076416,           0.0054301,                   0,           0.0021245,           0.0021245,           0.0021245
                 233,           0.0080254,           0.0066607,                   0,             0.99777,                   1,               0.995,             0.93201,           0.0076381,           0.0055395,                   0,           0.0020935,           0.0020935,           0.0020935
                 234,           0.0080081,           0.0065032,                   0,                   1,                   1,               0.995,             0.93065,           0.0076092,           0.0054011,                   0,           0.0020629,           0.0020629,           0.0020629
                 235,           0.0080076,            0.006681,                   0,                   1,                   1,               0.995,             0.93389,           0.0075545,           0.0053945,                   0,           0.0020327,           0.0020327,           0.0020327
                 236,           0.0077489,           0.0066664,                   0,             0.99999,                   1,               0.995,             0.93619,           0.0076379,           0.0054764,                   0,           0.0020028,           0.0020028,           0.0020028
                 237,            0.008009,           0.0064605,                   0,                   1,                   1,               0.995,             0.93035,           0.0075818,           0.0054971,                   0,           0.0019734,           0.0019734,           0.0019734
                 238,           0.0077654,           0.0062752,                   0,                   1,                   1,               0.995,             0.92961,           0.0078078,           0.0055789,                   0,           0.0019443,           0.0019443,           0.0019443
                 239,           0.0079007,            0.006268,                   0,                   1,             0.99999,               0.995,              0.9265,           0.0077155,           0.0054929,                   0,           0.0019156,           0.0019156,           0.0019156
                 240,           0.0076098,           0.0063569,                   0,             0.99778,                   1,               0.995,             0.93245,           0.0077068,           0.0055057,                   0,           0.0018873,           0.0018873,           0.0018873
                 241,           0.0078092,           0.0062046,                   0,                   1,                   1,               0.995,             0.93149,           0.0076106,           0.0053957,                   0,           0.0018594,           0.0018594,           0.0018594
                 242,           0.0077507,           0.0064917,                   0,             0.99777,                   1,               0.995,             0.92712,           0.0076568,           0.0054847,                   0,           0.0018319,           0.0018319,           0.0018319
                 243,           0.0077055,           0.0063353,                   0,             0.99778,                   1,               0.995,             0.93138,            0.007686,           0.0053852,                   0,           0.0018048,           0.0018048,           0.0018048
                 244,           0.0079924,           0.0064949,                   0,                   1,                   1,               0.995,             0.93373,           0.0076069,           0.0053073,                   0,           0.0017781,           0.0017781,           0.0017781
                 245,           0.0075042,           0.0065013,                   0,             0.99777,                   1,               0.995,               0.934,           0.0075115,           0.0052886,                   0,           0.0017519,           0.0017519,           0.0017519
                 246,           0.0077462,           0.0064843,                   0,             0.99778,                   1,               0.995,             0.93227,           0.0076186,           0.0053886,                   0,            0.001726,            0.001726,            0.001726
                 247,           0.0076039,           0.0064979,                   0,             0.99778,                   1,               0.995,             0.93638,           0.0075817,           0.0052876,                   0,           0.0017005,           0.0017005,           0.0017005
                 248,            0.007733,           0.0065271,                   0,                   1,                   1,               0.995,             0.93564,           0.0075755,           0.0052345,                   0,           0.0016755,           0.0016755,           0.0016755
                 249,           0.0075997,           0.0065757,                   0,             0.99778,                   1,               0.995,             0.93492,            0.007597,           0.0052783,                   0,           0.0016509,           0.0016509,           0.0016509
                 250,            0.007611,            0.006299,                   0,             0.99999,                   1,               0.995,             0.93663,           0.0075287,           0.0052583,                   0,           0.0016267,           0.0016267,           0.0016267
                 251,           0.0075932,           0.0064442,                   0,             0.99778,                   1,               0.995,             0.93421,           0.0075374,           0.0052909,                   0,           0.0016029,           0.0016029,           0.0016029
                 252,           0.0078949,           0.0066144,                   0,             0.99999,                   1,               0.995,             0.93598,           0.0075917,           0.0052805,                   0,           0.0015795,           0.0015795,           0.0015795
                 253,           0.0076611,           0.0063724,                   0,             0.99778,                   1,               0.995,             0.92972,           0.0075248,           0.0053048,                   0,           0.0015566,           0.0015566,           0.0015566
                 254,           0.0077921,           0.0064971,                   0,             0.99777,                   1,               0.995,             0.93201,           0.0075038,           0.0052122,                   0,           0.0015341,           0.0015341,           0.0015341
                 255,           0.0075542,            0.006174,                   0,                   1,                   1,               0.995,             0.93805,            0.007381,           0.0051238,                   0,           0.0015121,           0.0015121,           0.0015121
                 256,           0.0078718,           0.0063057,                   0,                   1,                   1,               0.995,             0.93721,           0.0073844,           0.0051922,                   0,           0.0014905,           0.0014905,           0.0014905
                 257,           0.0076825,           0.0062602,                   0,                   1,                   1,               0.995,             0.93701,           0.0074147,           0.0051868,                   0,           0.0014693,           0.0014693,           0.0014693
                 258,           0.0074122,           0.0060895,                   0,                   1,                   1,               0.995,             0.93651,           0.0073507,           0.0050986,                   0,           0.0014486,           0.0014486,           0.0014486
                 259,           0.0074534,           0.0061534,                   0,             0.99778,                   1,               0.995,             0.93278,           0.0075259,            0.005255,                   0,           0.0014283,           0.0014283,           0.0014283
                 260,           0.0075752,           0.0064536,                   0,             0.99999,                   1,               0.995,             0.93574,           0.0075412,           0.0052178,                   0,           0.0014084,           0.0014084,           0.0014084
                 261,            0.007451,           0.0064447,                   0,                   1,                   1,               0.995,             0.93473,           0.0075309,           0.0052085,                   0,            0.001389,            0.001389,            0.001389
                 262,           0.0074311,           0.0060753,                   0,             0.99778,                   1,               0.995,             0.93465,           0.0075063,           0.0053052,                   0,           0.0013701,           0.0013701,           0.0013701
                 263,           0.0077994,           0.0064599,                   0,             0.99778,                   1,               0.995,             0.93004,           0.0075528,           0.0053388,                   0,           0.0013516,           0.0013516,           0.0013516
                 264,             0.00759,           0.0064171,                   0,             0.99778,                   1,               0.995,             0.93591,           0.0074691,           0.0052457,                   0,           0.0013336,           0.0013336,           0.0013336
                 265,           0.0074887,           0.0064266,                   0,                   1,                   1,               0.995,             0.93072,           0.0076586,            0.005291,                   0,            0.001316,            0.001316,            0.001316
                 266,           0.0075886,           0.0062509,                   0,                   1,                   1,               0.995,             0.93357,           0.0074829,           0.0053002,                   0,           0.0012989,           0.0012989,           0.0012989
                 267,           0.0075358,           0.0062536,                   0,             0.99999,                   1,               0.995,             0.93214,           0.0075253,           0.0052686,                   0,           0.0012822,           0.0012822,           0.0012822
                 268,            0.007344,           0.0062057,                   0,                   1,                   1,               0.995,             0.93311,           0.0074903,           0.0052604,                   0,            0.001266,            0.001266,            0.001266
                 269,           0.0074528,            0.006275,                   0,             0.99778,                   1,               0.995,             0.93422,           0.0073927,           0.0052141,                   0,           0.0012503,           0.0012503,           0.0012503
                 270,           0.0074577,            0.006296,                   0,             0.99777,                   1,               0.995,             0.93857,           0.0074444,           0.0052226,                   0,            0.001235,            0.001235,            0.001235
                 271,           0.0072996,           0.0063143,                   0,                   1,                   1,               0.995,             0.93999,           0.0075207,           0.0052137,                   0,           0.0012202,           0.0012202,           0.0012202
                 272,           0.0074237,           0.0060729,                   0,                   1,                   1,               0.995,             0.93564,           0.0074066,           0.0051857,                   0,           0.0012059,           0.0012059,           0.0012059
                 273,             0.00749,           0.0063078,                   0,                   1,                   1,               0.995,             0.93657,           0.0074889,           0.0051714,                   0,           0.0011921,           0.0011921,           0.0011921
                 274,           0.0075047,           0.0062967,                   0,                   1,                   1,               0.995,             0.93471,           0.0075036,           0.0052307,                   0,           0.0011787,           0.0011787,           0.0011787
                 275,           0.0076125,           0.0063084,                   0,             0.99999,                   1,               0.995,              0.9348,           0.0075506,           0.0052557,                   0,           0.0011658,           0.0011658,           0.0011658
                 276,           0.0073727,           0.0062683,                   0,             0.99999,                   1,               0.995,             0.93567,           0.0074795,           0.0052131,                   0,           0.0011533,           0.0011533,           0.0011533
                 277,            0.007401,           0.0064927,                   0,                   1,                   1,               0.995,             0.93387,           0.0074722,           0.0052138,                   0,           0.0011414,           0.0011414,           0.0011414
                 278,           0.0073105,           0.0063053,                   0,                   1,             0.99999,               0.995,             0.93666,           0.0075152,           0.0052014,                   0,           0.0011299,           0.0011299,           0.0011299
                 279,           0.0071433,           0.0060733,                   0,                   1,                   1,               0.995,             0.93702,           0.0074114,            0.005207,                   0,           0.0011189,           0.0011189,           0.0011189
                 280,           0.0072909,           0.0063788,                   0,                   1,                   1,               0.995,             0.93699,           0.0073847,           0.0051544,                   0,           0.0011084,           0.0011084,           0.0011084
                 281,           0.0074206,           0.0061624,                   0,             0.99999,                   1,               0.995,             0.93859,           0.0074202,            0.005159,                   0,           0.0010983,           0.0010983,           0.0010983
                 282,           0.0073834,           0.0062455,                   0,                   1,                   1,               0.995,             0.93518,           0.0074113,           0.0051753,                   0,           0.0010888,           0.0010888,           0.0010888
                 283,           0.0075978,            0.006135,                   0,             0.99777,                   1,               0.995,             0.93694,            0.007489,           0.0052168,                   0,           0.0010797,           0.0010797,           0.0010797
                 284,           0.0074888,             0.00633,                   0,                   1,                   1,               0.995,             0.93642,           0.0074296,           0.0051414,                   0,           0.0010711,           0.0010711,           0.0010711
                 285,           0.0071879,           0.0059088,                   0,                   1,                   1,               0.995,             0.93615,           0.0074962,           0.0052009,                   0,            0.001063,            0.001063,            0.001063
                 286,           0.0074167,            0.006567,                   0,                   1,                   1,               0.995,             0.93302,           0.0074554,           0.0051933,                   0,           0.0010554,           0.0010554,           0.0010554
                 287,           0.0074402,           0.0062346,                   0,                   1,                   1,               0.995,             0.93478,           0.0075364,           0.0051786,                   0,           0.0010483,           0.0010483,           0.0010483
                 288,           0.0072026,            0.006267,                   0,                   1,                   1,               0.995,             0.93478,           0.0074523,           0.0052385,                   0,           0.0010416,           0.0010416,           0.0010416
                 289,           0.0074181,           0.0062409,                   0,             0.99778,             0.99999,               0.995,             0.93624,           0.0074794,           0.0052669,                   0,           0.0010355,           0.0010355,           0.0010355
                 290,            0.007301,           0.0059542,                   0,                   1,                   1,               0.995,             0.93596,           0.0074714,           0.0052608,                   0,           0.0010298,           0.0010298,           0.0010298
                 291,           0.0074098,           0.0060114,                   0,                   1,                   1,               0.995,             0.93429,           0.0074884,           0.0052699,                   0,           0.0010247,           0.0010247,           0.0010247
                 292,           0.0071541,           0.0060951,                   0,             0.99777,                   1,               0.995,             0.93707,            0.007414,           0.0052293,                   0,             0.00102,             0.00102,             0.00102
                 293,           0.0073725,           0.0060855,                   0,             0.99999,                   1,               0.995,              0.9364,           0.0074787,           0.0052269,                   0,           0.0010158,           0.0010158,           0.0010158
                 294,           0.0072667,           0.0058299,                   0,             0.99999,                   1,               0.995,              0.9354,           0.0074319,           0.0052194,                   0,           0.0010121,           0.0010121,           0.0010121
                 295,           0.0073284,           0.0063585,                   0,             0.99999,                   1,               0.995,             0.93139,            0.007458,           0.0052489,                   0,           0.0010089,           0.0010089,           0.0010089
                 296,           0.0072399,           0.0061218,                   0,             0.99999,                   1,               0.995,             0.93493,           0.0074178,           0.0052229,                   0,           0.0010062,           0.0010062,           0.0010062
                 297,           0.0072947,           0.0062649,                   0,                   1,                   1,               0.995,             0.93519,           0.0074078,           0.0051796,                   0,           0.0010039,           0.0010039,           0.0010039
                 298,           0.0072396,           0.0059477,                   0,                   1,                   1,               0.995,             0.93778,           0.0074069,           0.0051505,                   0,           0.0010022,           0.0010022,           0.0010022
                 299,           0.0072851,           0.0060744,                   0,             0.99999,                   1,               0.995,              0.9393,            0.007391,           0.0051649,                   0,            0.001001,            0.001001,            0.001001
